timestamp,filename_input,filename_output,image_width,image_height,latency_ms,num_detections,detected_classes,average_confidence,low_confidence_flag
2026-06-13T15:51:28.812461+00:00,image1.jpg,,360,360,53,2,helmet;vest,0.8175,False
2026-06-13T15:52:30.053611+00:00,sample_data/example_images/image1.jpg,experiments/yolov11n_baseline/inference/image1.jpg,360,360,56,2,helmet;vest,0.8175,False
2026-06-13T15:52:30.111577+00:00,sample_data/example_images/image2.jpg,experiments/yolov11n_baseline/inference/image2.jpg,2560,1920,29,11,helmet;pants;vest,0.7091,True
2026-06-13T16:48:03.258189+00:00,image1.jpg,,360,360,150,2,helmet;vest,0.8175,False
2026-06-13T16:48:03.345476+00:00,image2.jpg,,2560,1920,50,11,helmet;pants;vest,0.7091,True
2026-06-13T16:50:14.163167+00:00,image1.jpg,,360,360,92,2,helmet;vest,0.8175,False
2026-06-13T16:52:01.779998+00:00,images,,275,183,63,2,helmet;vest,0.9039,False
2026-06-13T16:52:20.302957+00:00,image2.jpg,,2560,1920,58,11,helmet;pants;vest,0.7091,True
2026-06-13T17:03:10.024859+00:00,webcam_frame.jpg,,640,480,55,0,,0.0,False
2026-06-13T17:03:10.761750+00:00,webcam_frame.jpg,,640,480,51,0,,0.0,False
2026-06-13T17:03:11.524965+00:00,webcam_frame.jpg,,640,480,64,1,helmet,0.3265,True
2026-06-13T17:03:12.266236+00:00,webcam_frame.jpg,,640,480,55,1,helmet,0.7349,False
2026-06-13T17:03:13.022812+00:00,webcam_frame.jpg,,640,480,60,1,helmet,0.7662,False
2026-06-13T17:03:13.767323+00:00,webcam_frame.jpg,,640,480,56,1,helmet,0.8095,False
2026-06-13T17:03:14.508356+00:00,webcam_frame.jpg,,640,480,47,1,helmet,0.8091,False
2026-06-13T17:03:15.271711+00:00,webcam_frame.jpg,,640,480,59,1,helmet,0.8002,False
2026-06-13T17:03:16.021427+00:00,webcam_frame.jpg,,640,480,58,1,helmet,0.7902,False
2026-06-13T17:03:16.769246+00:00,webcam_frame.jpg,,640,480,57,1,helmet,0.8965,False
2026-06-13T17:03:17.511975+00:00,webcam_frame.jpg,,640,480,52,1,helmet,0.8523,False
2026-06-13T17:03:18.271595+00:00,webcam_frame.jpg,,640,480,60,1,helmet,0.7053,False
2026-06-13T17:03:19.008936+00:00,webcam_frame.jpg,,640,480,48,1,helmet,0.7422,False
2026-06-13T17:03:19.762149+00:00,webcam_frame.jpg,,640,480,52,1,helmet,0.7238,False
2026-06-13T17:03:20.523333+00:00,webcam_frame.jpg,,640,480,60,1,helmet,0.8249,False
2026-06-13T17:03:21.267121+00:00,webcam_frame.jpg,,640,480,54,1,helmet,0.758,False
2026-06-13T17:03:22.009382+00:00,webcam_frame.jpg,,640,480,47,1,helmet,0.7087,False
2026-06-13T17:03:22.774184+00:00,webcam_frame.jpg,,640,480,63,1,helmet,0.7686,False
2026-06-13T17:03:23.519554+00:00,webcam_frame.jpg,,640,480,58,1,helmet,0.7682,False
2026-06-13T17:03:24.256277+00:00,webcam_frame.jpg,,640,480,44,0,,0.0,False
2026-06-13T17:03:25.014835+00:00,webcam_frame.jpg,,640,480,54,1,helmet,0.605,False
2026-06-13T17:03:25.771669+00:00,webcam_frame.jpg,,640,480,61,1,helmet,0.7103,False
2026-06-13T17:03:26.517788+00:00,webcam_frame.jpg,,640,480,55,0,,0.0,False
2026-06-13T17:03:27.261738+00:00,webcam_frame.jpg,,640,480,52,0,,0.0,False
2026-06-13T17:03:29.192502+00:00,webcam_frame.jpg,,640,480,65,1,helmet,0.794,False
2026-06-13T17:03:29.502464+00:00,webcam_frame.jpg,,640,480,43,0,,0.0,False
2026-06-13T17:03:30.277623+00:00,webcam_frame.jpg,,640,480,65,1,helmet,0.6775,False
2026-06-13T17:03:31.020811+00:00,webcam_frame.jpg,,640,480,61,0,,0.0,False
2026-06-13T17:03:31.763142+00:00,webcam_frame.jpg,,640,480,52,0,,0.0,False
2026-06-13T17:03:32.524452+00:00,webcam_frame.jpg,,640,480,63,0,,0.0,False
2026-06-13T17:03:33.271911+00:00,webcam_frame.jpg,,640,480,60,0,,0.0,False
2026-06-13T17:03:34.016206+00:00,webcam_frame.jpg,,640,480,55,0,,0.0,False
2026-06-13T17:03:34.762853+00:00,webcam_frame.jpg,,640,480,53,0,,0.0,False
2026-06-13T17:03:35.522771+00:00,webcam_frame.jpg,,640,480,61,0,,0.0,False
2026-06-13T17:03:36.263482+00:00,webcam_frame.jpg,,640,480,55,1,helmet,0.3933,True
2026-06-13T17:03:37.015631+00:00,webcam_frame.jpg,,640,480,53,1,helmet,0.3899,True
2026-06-13T17:03:37.776801+00:00,webcam_frame.jpg,,640,480,66,1,helmet,0.4685,True
2026-06-13T17:03:38.521455+00:00,webcam_frame.jpg,,640,480,61,0,,0.0,False
2026-06-13T17:03:39.262493+00:00,webcam_frame.jpg,,640,480,52,1,helmet,0.4273,True
2026-06-13T17:03:40.043794+00:00,webcam_frame.jpg,,640,480,82,1,helmet,0.5007,False
2026-06-13T17:03:40.775512+00:00,webcam_frame.jpg,,640,480,64,1,helmet,0.6692,False
2026-06-13T17:03:41.519747+00:00,webcam_frame.jpg,,640,480,59,1,helmet,0.5794,False
2026-06-13T17:03:42.261042+00:00,webcam_frame.jpg,,640,480,51,1,helmet,0.5825,False
2026-06-13T17:03:43.023647+00:00,webcam_frame.jpg,,640,480,62,1,helmet,0.5841,False
2026-06-13T17:08:20.323563+00:00,webcam_frame.jpg,,640,480,72,0,,0.0,False
2026-06-13T17:08:21.068670+00:00,webcam_frame.jpg,,640,480,63,0,,0.0,False
2026-06-13T17:08:21.801767+00:00,webcam_frame.jpg,,640,480,52,0,,0.0,False
2026-06-13T17:08:22.564904+00:00,webcam_frame.jpg,,640,480,60,0,,0.0,False
2026-06-13T17:08:23.303268+00:00,webcam_frame.jpg,,640,480,54,0,,0.0,False
2026-06-13T17:08:24.077868+00:00,webcam_frame.jpg,,640,480,77,0,,0.0,False
2026-06-13T17:08:24.814129+00:00,webcam_frame.jpg,,640,480,64,1,helmet,0.5516,False
2026-06-13T17:08:25.551811+00:00,webcam_frame.jpg,,640,480,47,1,helmet,0.7086,False
2026-06-13T17:08:26.300620+00:00,webcam_frame.jpg,,640,480,48,1,helmet,0.7443,False
2026-06-13T17:08:27.099129+00:00,webcam_frame.jpg,,640,480,88,1,helmet,0.7092,False
2026-06-13T17:08:27.794222+00:00,webcam_frame.jpg,,640,480,44,1,glove,0.4517,True
2026-06-13T17:08:28.562458+00:00,webcam_frame.jpg,,640,480,56,1,helmet,0.6193,False
2026-06-13T17:08:29.312424+00:00,webcam_frame.jpg,,640,480,53,0,,0.0,False
2026-06-13T17:08:30.057673+00:00,webcam_frame.jpg,,640,480,58,0,,0.0,False
2026-06-13T17:08:30.813439+00:00,webcam_frame.jpg,,640,480,58,1,helmet,0.4636,True
2026-06-13T17:08:31.548255+00:00,webcam_frame.jpg,,640,480,42,1,helmet,0.7193,False
2026-06-13T17:08:32.323732+00:00,webcam_frame.jpg,,640,480,68,1,helmet,0.8229,False
2026-06-13T17:08:33.064510+00:00,webcam_frame.jpg,,640,480,56,0,,0.0,False
2026-06-13T17:08:33.792154+00:00,webcam_frame.jpg,,640,480,39,0,,0.0,False
2026-06-13T17:08:34.566039+00:00,webcam_frame.jpg,,640,480,62,1,helmet,0.8886,False
2026-06-13T17:08:35.308858+00:00,webcam_frame.jpg,,640,480,48,1,helmet,0.8581,False
2026-06-13T17:08:36.053339+00:00,webcam_frame.jpg,,640,480,51,1,helmet,0.8865,False
2026-06-13T17:08:36.833022+00:00,webcam_frame.jpg,,640,480,80,1,helmet,0.9095,False
2026-06-13T17:08:37.569067+00:00,webcam_frame.jpg,,640,480,64,1,helmet,0.9064,False
2026-06-13T17:08:38.317740+00:00,webcam_frame.jpg,,640,480,67,1,helmet,0.8843,False
2026-06-13T17:08:39.063817+00:00,webcam_frame.jpg,,640,480,58,1,helmet,0.8723,False
2026-06-13T17:08:39.833758+00:00,webcam_frame.jpg,,640,480,77,1,helmet,0.8883,False
2026-06-13T17:09:09.397378+00:00,webcam_frame.jpg,,640,480,69,1,helmet,0.6964,False
2026-06-13T17:09:10.134337+00:00,webcam_frame.jpg,,640,480,70,1,helmet,0.6657,False
2026-06-13T17:09:10.864732+00:00,webcam_frame.jpg,,640,480,49,1,helmet,0.6649,False
2026-06-13T17:09:11.634651+00:00,webcam_frame.jpg,,640,480,62,0,,0.0,False
2026-06-13T17:09:12.383711+00:00,webcam_frame.jpg,,640,480,56,0,,0.0,False
2026-06-13T17:09:13.146332+00:00,webcam_frame.jpg,,640,480,75,1,helmet,0.8129,False
2026-06-13T17:09:13.886438+00:00,webcam_frame.jpg,,640,480,60,1,helmet,0.8074,False
2026-06-13T17:09:14.627323+00:00,webcam_frame.jpg,,640,480,56,1,helmet,0.8519,False
2026-06-13T17:09:15.368969+00:00,webcam_frame.jpg,,640,480,49,1,helmet,0.7208,False
2026-06-13T17:09:16.140923+00:00,webcam_frame.jpg,,640,480,76,1,helmet,0.4665,True
2026-06-13T17:09:42.334048+00:00,webcam_frame.jpg,,640,480,66,1,helmet,0.6919,False
2026-06-13T17:09:43.078287+00:00,webcam_frame.jpg,,640,480,69,1,helmet,0.7335,False
2026-06-13T17:09:43.835403+00:00,webcam_frame.jpg,,640,480,59,1,helmet,0.7168,False
2026-06-13T17:09:44.554938+00:00,webcam_frame.jpg,,640,480,39,1,helmet,0.4743,True
2026-06-13T17:09:45.349931+00:00,webcam_frame.jpg,,640,480,80,1,helmet,0.682,False
2026-06-13T17:09:46.069683+00:00,webcam_frame.jpg,,640,480,48,1,helmet,0.7359,False
2026-06-13T17:09:46.836209+00:00,webcam_frame.jpg,,640,480,75,1,helmet,0.4145,True
2026-06-13T17:09:47.578736+00:00,webcam_frame.jpg,,640,480,59,1,helmet,0.681,False
2026-06-13T17:09:48.334074+00:00,webcam_frame.jpg,,640,480,61,1,helmet,0.5188,False
2026-06-13T17:09:49.078023+00:00,webcam_frame.jpg,,640,480,59,0,,0.0,False
2026-06-13T17:09:49.822588+00:00,webcam_frame.jpg,,640,480,52,0,,0.0,False
2026-06-13T17:09:50.587132+00:00,webcam_frame.jpg,,640,480,72,1,helmet,0.4037,True
2026-06-13T17:09:51.377010+00:00,webcam_frame.jpg,,640,480,106,1,helmet,0.7022,False
2026-06-13T17:09:52.564003+00:00,webcam_frame.jpg,,640,480,62,1,helmet,0.7774,False
2026-06-13T17:09:52.803933+00:00,webcam_frame.jpg,,640,480,43,1,helmet,0.7227,False
2026-06-13T17:09:53.598703+00:00,webcam_frame.jpg,,640,480,87,1,helmet,0.8062,False
2026-06-13T17:09:54.336588+00:00,webcam_frame.jpg,,640,480,74,1,helmet,0.826,False
2026-06-13T17:13:54.247227+00:00,webcam_frame.jpg,,640,480,53,0,,0.0,False
2026-06-13T17:13:54.323407+00:00,webcam_frame.jpg,,640,480,40,0,,0.0,False
2026-06-13T17:13:54.428677+00:00,webcam_frame.jpg,,640,480,42,0,,0.0,False
2026-06-13T17:13:54.526852+00:00,webcam_frame.jpg,,640,480,37,0,,0.0,False
2026-06-13T17:13:54.638173+00:00,webcam_frame.jpg,,640,480,42,0,,0.0,False
2026-06-13T17:13:54.747055+00:00,webcam_frame.jpg,,640,480,54,0,,0.0,False
2026-06-13T17:13:54.828217+00:00,webcam_frame.jpg,,640,480,34,0,,0.0,False
2026-06-13T17:13:54.937883+00:00,webcam_frame.jpg,,640,480,42,0,,0.0,False
2026-06-13T17:13:55.040472+00:00,webcam_frame.jpg,,640,480,44,0,,0.0,False
2026-06-13T17:13:55.145609+00:00,webcam_frame.jpg,,640,480,48,0,,0.0,False
2026-06-13T17:13:55.247343+00:00,webcam_frame.jpg,,640,480,49,0,,0.0,False
2026-06-13T17:13:55.353034+00:00,webcam_frame.jpg,,640,480,52,0,,0.0,False
2026-06-13T17:13:55.448198+00:00,webcam_frame.jpg,,640,480,44,0,,0.0,False
2026-06-13T17:13:55.547562+00:00,webcam_frame.jpg,,640,480,42,0,,0.0,False
2026-06-13T17:13:55.654141+00:00,webcam_frame.jpg,,640,480,43,0,,0.0,False
2026-06-13T17:13:55.750375+00:00,webcam_frame.jpg,,640,480,39,0,,0.0,False
2026-06-13T17:13:55.857343+00:00,webcam_frame.jpg,,640,480,43,0,,0.0,False
2026-06-13T17:13:55.962152+00:00,webcam_frame.jpg,,640,480,41,0,,0.0,False
2026-06-13T17:13:56.061220+00:00,webcam_frame.jpg,,640,480,43,1,helmet,0.638,False
2026-06-13T17:13:56.169074+00:00,webcam_frame.jpg,,640,480,44,1,helmet,0.736,False
2026-06-13T17:13:56.254116+00:00,webcam_frame.jpg,,640,480,33,1,helmet,0.847,False
2026-06-13T17:13:56.354654+00:00,webcam_frame.jpg,,640,480,33,1,helmet,0.8912,False
2026-06-13T17:13:56.460346+00:00,webcam_frame.jpg,,640,480,38,1,helmet,0.6681,False
2026-06-13T17:13:56.553522+00:00,webcam_frame.jpg,,640,480,30,1,helmet,0.7606,False
2026-06-13T17:13:56.663508+00:00,webcam_frame.jpg,,640,480,39,1,helmet,0.7876,False
2026-06-13T17:13:56.757731+00:00,webcam_frame.jpg,,640,480,31,1,helmet,0.6538,False
2026-06-13T17:13:56.862200+00:00,webcam_frame.jpg,,640,480,33,1,helmet,0.4101,True
2026-06-13T17:13:56.961672+00:00,webcam_frame.jpg,,640,480,32,1,helmet,0.3824,True
2026-06-13T17:13:57.061537+00:00,webcam_frame.jpg,,640,480,31,1,helmet,0.3322,True
2026-06-13T17:13:57.161650+00:00,webcam_frame.jpg,,640,480,30,0,,0.0,False
2026-06-13T17:13:57.265378+00:00,webcam_frame.jpg,,640,480,34,1,helmet,0.2686,True
2026-06-13T17:13:57.370353+00:00,webcam_frame.jpg,,640,480,39,0,,0.0,False
2026-06-13T17:13:57.479593+00:00,webcam_frame.jpg,,640,480,46,0,,0.0,False
2026-06-13T17:13:57.565602+00:00,webcam_frame.jpg,,640,480,33,0,,0.0,False
2026-06-13T17:13:57.664122+00:00,webcam_frame.jpg,,640,480,30,1,helmet,0.4801,True
2026-06-13T17:13:57.774522+00:00,webcam_frame.jpg,,640,480,38,0,,0.0,False
2026-06-13T17:13:57.872741+00:00,webcam_frame.jpg,,640,480,36,1,helmet,0.4798,True
2026-06-13T17:13:57.985621+00:00,webcam_frame.jpg,,640,480,48,1,helmet,0.7875,False
2026-06-13T17:13:58.084041+00:00,webcam_frame.jpg,,640,480,44,1,helmet,0.7168,False
2026-06-13T17:13:58.174262+00:00,webcam_frame.jpg,,640,480,35,1,helmet,0.7548,False
2026-06-13T17:13:58.273753+00:00,webcam_frame.jpg,,640,480,32,1,helmet,0.7406,False
2026-06-13T17:13:58.374690+00:00,webcam_frame.jpg,,640,480,31,1,helmet,0.6441,False
2026-06-13T17:13:58.481721+00:00,webcam_frame.jpg,,640,480,37,0,,0.0,False
2026-06-13T17:13:58.598121+00:00,webcam_frame.jpg,,640,480,52,0,,0.0,False
2026-06-13T17:13:58.679341+00:00,webcam_frame.jpg,,640,480,32,0,,0.0,False
2026-06-13T17:13:58.782986+00:00,webcam_frame.jpg,,640,480,35,0,,0.0,False
2026-06-13T17:13:58.882440+00:00,webcam_frame.jpg,,640,480,30,0,,0.0,False
2026-06-13T17:13:58.984799+00:00,webcam_frame.jpg,,640,480,33,0,,0.0,False
2026-06-13T17:13:59.086001+00:00,webcam_frame.jpg,,640,480,32,0,,0.0,False
2026-06-13T17:13:59.211854+00:00,webcam_frame.jpg,,640,480,58,0,,0.0,False
2026-06-13T17:13:59.287931+00:00,webcam_frame.jpg,,640,480,32,0,,0.0,False
2026-06-13T17:13:59.392409+00:00,webcam_frame.jpg,,640,480,35,0,,0.0,False
2026-06-13T17:13:59.486661+00:00,webcam_frame.jpg,,640,480,28,0,,0.0,False
2026-06-13T17:13:59.587069+00:00,webcam_frame.jpg,,640,480,28,0,,0.0,False
2026-06-13T17:13:59.695189+00:00,webcam_frame.jpg,,640,480,35,1,helmet,0.6547,False
2026-06-13T17:13:59.825198+00:00,webcam_frame.jpg,,640,480,61,1,helmet,0.7118,False
2026-06-13T17:13:59.895396+00:00,webcam_frame.jpg,,640,480,32,1,helmet,0.8623,False
2026-06-13T17:14:00.004362+00:00,webcam_frame.jpg,,640,480,39,1,helmet,0.8729,False
2026-06-13T17:14:00.098888+00:00,webcam_frame.jpg,,640,480,32,1,helmet,0.8704,False
2026-06-13T17:14:00.206927+00:00,webcam_frame.jpg,,640,480,39,1,helmet,0.8714,False
2026-06-13T17:14:00.315286+00:00,webcam_frame.jpg,,640,480,41,1,helmet,0.8918,False
2026-06-13T17:14:00.406672+00:00,webcam_frame.jpg,,640,480,31,1,helmet,0.9195,False
2026-06-13T17:14:00.506133+00:00,webcam_frame.jpg,,640,480,34,1,helmet,0.853,False
2026-06-13T17:14:00.603987+00:00,webcam_frame.jpg,,640,480,29,1,helmet,0.8242,False
2026-06-13T17:14:00.714097+00:00,webcam_frame.jpg,,640,480,33,1,helmet,0.8286,False
2026-06-13T17:14:00.809315+00:00,webcam_frame.jpg,,640,480,32,1,helmet,0.8414,False
2026-06-13T17:14:00.909867+00:00,webcam_frame.jpg,,640,480,31,1,helmet,0.8407,False
2026-06-13T17:14:01.017099+00:00,webcam_frame.jpg,,640,480,34,1,helmet,0.822,False
2026-06-13T17:14:01.116522+00:00,webcam_frame.jpg,,640,480,35,1,helmet,0.852,False
2026-06-13T17:14:01.215285+00:00,webcam_frame.jpg,,640,480,33,1,helmet,0.8018,False
2026-06-13T17:14:01.321004+00:00,webcam_frame.jpg,,640,480,36,1,helmet,0.5721,False
2026-06-13T17:14:01.416377+00:00,webcam_frame.jpg,,640,480,31,1,helmet,0.2508,True
2026-06-13T17:14:01.516966+00:00,webcam_frame.jpg,,640,480,31,0,,0.0,False
2026-06-13T17:14:01.619591+00:00,webcam_frame.jpg,,640,480,31,1,helmet,0.4289,True
2026-06-13T17:14:01.722141+00:00,webcam_frame.jpg,,640,480,32,1,helmet,0.4602,True
2026-06-13T17:14:01.823968+00:00,webcam_frame.jpg,,640,480,33,1,helmet,0.2641,True
2026-06-13T17:14:01.923075+00:00,webcam_frame.jpg,,640,480,30,1,helmet,0.2988,True
2026-06-13T17:14:02.129577+00:00,webcam_frame.jpg,,640,480,133,1,helmet,0.375,True
2026-06-13T17:14:02.178083+00:00,webcam_frame.jpg,,640,480,35,1,helmet,0.3899,True
2026-06-13T17:14:02.272811+00:00,webcam_frame.jpg,,640,480,34,1,helmet,0.5397,False
2026-06-13T17:14:02.374194+00:00,webcam_frame.jpg,,640,480,31,0,,0.0,False
2026-06-13T17:14:02.491608+00:00,webcam_frame.jpg,,640,480,48,0,,0.0,False
2026-06-13T17:14:02.576564+00:00,webcam_frame.jpg,,640,480,31,0,,0.0,False
2026-06-13T17:14:02.681876+00:00,webcam_frame.jpg,,640,480,36,0,,0.0,False
2026-06-13T17:14:02.781522+00:00,webcam_frame.jpg,,640,480,32,0,,0.0,False
2026-06-13T17:14:02.883400+00:00,webcam_frame.jpg,,640,480,30,0,,0.0,False
2026-06-13T17:14:02.982367+00:00,webcam_frame.jpg,,640,480,30,0,,0.0,False
2026-06-13T17:14:03.090110+00:00,webcam_frame.jpg,,640,480,35,0,,0.0,False
2026-06-13T17:14:03.187614+00:00,webcam_frame.jpg,,640,480,32,0,,0.0,False
2026-06-13T17:14:03.290896+00:00,webcam_frame.jpg,,640,480,34,0,,0.0,False
2026-06-13T17:14:03.389380+00:00,webcam_frame.jpg,,640,480,30,0,,0.0,False
2026-06-13T17:14:03.497685+00:00,webcam_frame.jpg,,640,480,36,0,,0.0,False
2026-06-13T17:14:03.597505+00:00,webcam_frame.jpg,,640,480,36,0,,0.0,False
2026-06-13T17:14:03.700220+00:00,webcam_frame.jpg,,640,480,33,0,,0.0,False
2026-06-13T17:14:03.805324+00:00,webcam_frame.jpg,,640,480,35,0,,0.0,False
2026-06-13T17:14:03.908274+00:00,webcam_frame.jpg,,640,480,38,0,,0.0,False
2026-06-13T17:14:04.001933+00:00,webcam_frame.jpg,,640,480,31,1,glove,0.3211,True
2026-06-13T17:14:04.101880+00:00,webcam_frame.jpg,,640,480,30,0,,0.0,False
2026-06-13T17:14:04.203753+00:00,webcam_frame.jpg,,640,480,30,0,,0.0,False
2026-06-13T17:14:04.310412+00:00,webcam_frame.jpg,,640,480,32,1,glove,0.2975,True
2026-06-13T17:14:04.419223+00:00,webcam_frame.jpg,,640,480,32,1,glove,0.3098,True
2026-06-13T17:14:04.517957+00:00,webcam_frame.jpg,,640,480,32,1,glove,0.3127,True
2026-06-13T17:14:04.621952+00:00,webcam_frame.jpg,,640,480,35,1,glove,0.2997,True
2026-06-13T17:14:04.717592+00:00,webcam_frame.jpg,,640,480,30,1,glove,0.2971,True
2026-06-13T17:14:04.818082+00:00,webcam_frame.jpg,,640,480,29,1,glove,0.3002,True
2026-06-13T17:14:04.923227+00:00,webcam_frame.jpg,,640,480,33,1,glove,0.3003,True
2026-06-13T17:14:05.027476+00:00,webcam_frame.jpg,,640,480,32,1,glove,0.2509,True
2026-06-13T17:14:05.125217+00:00,webcam_frame.jpg,,640,480,33,0,,0.0,False
2026-06-13T17:14:05.229047+00:00,webcam_frame.jpg,,640,480,35,1,glove,0.288,True
2026-06-13T17:14:05.331448+00:00,webcam_frame.jpg,,640,480,33,1,glove,0.2999,True
2026-06-13T17:14:05.427060+00:00,webcam_frame.jpg,,640,480,31,1,glove,0.3758,True
2026-06-13T17:14:05.529929+00:00,webcam_frame.jpg,,640,480,32,1,glove,0.3676,True
2026-06-13T17:14:05.632715+00:00,webcam_frame.jpg,,640,480,33,1,glove,0.4145,True
2026-06-13T17:14:05.735924+00:00,webcam_frame.jpg,,640,480,35,1,glove,0.3696,True
2026-06-13T17:14:05.857224+00:00,webcam_frame.jpg,,640,480,56,1,glove,0.3474,True
2026-06-13T17:14:05.955315+00:00,webcam_frame.jpg,,640,480,54,1,glove,0.3513,True
2026-06-13T17:14:06.053533+00:00,webcam_frame.jpg,,640,480,52,1,glove,0.3483,True
2026-06-13T17:14:06.149295+00:00,webcam_frame.jpg,,640,480,45,1,glove,0.3455,True
2026-06-13T17:14:06.256237+00:00,webcam_frame.jpg,,640,480,48,1,glove,0.2628,True
2026-06-13T17:14:06.346720+00:00,webcam_frame.jpg,,640,480,36,0,,0.0,False
2026-06-13T17:14:06.448987+00:00,webcam_frame.jpg,,640,480,36,0,,0.0,False
2026-06-13T17:14:06.548128+00:00,webcam_frame.jpg,,640,480,34,0,,0.0,False
2026-06-13T17:14:06.649783+00:00,webcam_frame.jpg,,640,480,32,0,,0.0,False
2026-06-13T17:14:06.754832+00:00,webcam_frame.jpg,,640,480,35,0,,0.0,False
2026-06-13T17:14:06.851366+00:00,webcam_frame.jpg,,640,480,31,0,,0.0,False
2026-06-13T17:14:06.950330+00:00,webcam_frame.jpg,,640,480,30,0,,0.0,False
2026-06-13T17:14:07.056424+00:00,webcam_frame.jpg,,640,480,32,0,,0.0,False
2026-06-13T17:14:07.155418+00:00,webcam_frame.jpg,,640,480,30,0,,0.0,False
2026-06-13T17:14:07.258778+00:00,webcam_frame.jpg,,640,480,31,1,helmet,0.5275,False
2026-06-13T17:14:07.362878+00:00,webcam_frame.jpg,,640,480,33,1,helmet,0.6768,False
2026-06-13T17:14:07.461427+00:00,webcam_frame.jpg,,640,480,31,1,helmet,0.6352,False
2026-06-13T17:14:07.568867+00:00,webcam_frame.jpg,,640,480,36,1,helmet,0.7512,False
2026-06-13T17:14:07.669465+00:00,webcam_frame.jpg,,640,480,33,1,helmet,0.6008,False
2026-06-13T17:14:07.765466+00:00,webcam_frame.jpg,,640,480,33,1,helmet,0.6931,False
2026-06-13T17:14:07.867567+00:00,webcam_frame.jpg,,640,480,34,1,helmet,0.5622,False
2026-06-13T17:14:07.965959+00:00,webcam_frame.jpg,,640,480,32,1,helmet,0.5143,False
2026-06-13T17:14:08.069124+00:00,webcam_frame.jpg,,640,480,34,1,helmet,0.424,True
2026-06-13T17:14:08.163736+00:00,webcam_frame.jpg,,640,480,27,1,helmet,0.6312,False
2026-06-13T17:14:08.270430+00:00,webcam_frame.jpg,,640,480,32,1,helmet,0.6391,False
2026-06-13T17:14:08.370125+00:00,webcam_frame.jpg,,640,480,30,1,helmet,0.5476,False
2026-06-13T17:14:08.474484+00:00,webcam_frame.jpg,,640,480,35,1,helmet,0.4564,True
2026-06-13T17:14:08.578536+00:00,webcam_frame.jpg,,640,480,33,1,helmet,0.5455,False
2026-06-13T17:14:08.671467+00:00,webcam_frame.jpg,,640,480,30,1,helmet,0.6689,False
2026-06-13T17:14:08.776891+00:00,webcam_frame.jpg,,640,480,33,1,helmet,0.4693,True
2026-06-13T17:14:08.877134+00:00,webcam_frame.jpg,,640,480,31,1,helmet,0.6508,False
2026-06-13T17:14:08.975745+00:00,webcam_frame.jpg,,640,480,29,1,helmet,0.6094,False
2026-06-13T17:14:09.078662+00:00,webcam_frame.jpg,,640,480,32,0,,0.0,False
2026-06-13T17:14:09.179955+00:00,webcam_frame.jpg,,640,480,28,0,,0.0,False
2026-06-13T17:14:09.280481+00:00,webcam_frame.jpg,,640,480,31,0,,0.0,False
2026-06-13T17:14:09.384439+00:00,webcam_frame.jpg,,640,480,33,1,helmet,0.4602,True
2026-06-13T17:14:09.486461+00:00,webcam_frame.jpg,,640,480,31,1,helmet,0.409,True
2026-06-13T17:14:09.586247+00:00,webcam_frame.jpg,,640,480,31,0,,0.0,False
2026-06-13T17:14:09.687826+00:00,webcam_frame.jpg,,640,480,32,0,,0.0,False
2026-06-13T17:14:09.791623+00:00,webcam_frame.jpg,,640,480,34,0,,0.0,False
2026-06-13T17:14:09.887504+00:00,webcam_frame.jpg,,640,480,29,0,,0.0,False
2026-06-13T17:14:09.993714+00:00,webcam_frame.jpg,,640,480,32,0,,0.0,False
2026-06-13T17:14:10.092160+00:00,webcam_frame.jpg,,640,480,30,0,,0.0,False
2026-06-13T17:14:10.195730+00:00,webcam_frame.jpg,,640,480,32,0,,0.0,False
2026-06-13T17:14:10.300230+00:00,webcam_frame.jpg,,640,480,35,0,,0.0,False
2026-06-13T17:14:10.415164+00:00,webcam_frame.jpg,,640,480,49,0,,0.0,False
2026-06-13T17:14:10.519880+00:00,webcam_frame.jpg,,640,480,53,2,glove,0.603,False
2026-06-13T17:14:10.623285+00:00,webcam_frame.jpg,,640,480,54,2,glove,0.5806,True
2026-06-13T17:14:10.723350+00:00,webcam_frame.jpg,,640,480,51,1,glove,0.5392,False
2026-06-13T17:14:10.812273+00:00,webcam_frame.jpg,,640,480,37,1,glove,0.3483,True
2026-06-13T17:14:10.913187+00:00,webcam_frame.jpg,,640,480,35,1,glove,0.3858,True
2026-06-13T17:14:11.006498+00:00,webcam_frame.jpg,,640,480,29,1,glove,0.334,True
2026-06-13T17:14:11.110925+00:00,webcam_frame.jpg,,640,480,30,1,glove,0.3146,True
2026-06-13T17:14:11.212233+00:00,webcam_frame.jpg,,640,480,28,0,,0.0,False
2026-06-13T17:14:11.319691+00:00,webcam_frame.jpg,,640,480,32,0,,0.0,False
2026-06-13T17:14:11.416702+00:00,webcam_frame.jpg,,640,480,30,0,,0.0,False
2026-06-13T17:14:11.518976+00:00,webcam_frame.jpg,,640,480,30,0,,0.0,False
2026-06-13T17:14:11.620246+00:00,webcam_frame.jpg,,640,480,29,0,,0.0,False
2026-06-13T17:14:11.726723+00:00,webcam_frame.jpg,,640,480,34,0,,0.0,False
2026-06-13T17:14:11.827933+00:00,webcam_frame.jpg,,640,480,34,0,,0.0,False
2026-06-13T17:14:11.927735+00:00,webcam_frame.jpg,,640,480,34,0,,0.0,False
2026-06-13T17:14:12.024517+00:00,webcam_frame.jpg,,640,480,31,0,,0.0,False
2026-06-13T17:14:12.125291+00:00,webcam_frame.jpg,,640,480,29,0,,0.0,False
2026-06-13T17:14:12.226281+00:00,webcam_frame.jpg,,640,480,30,0,,0.0,False
2026-06-13T17:14:12.329049+00:00,webcam_frame.jpg,,640,480,30,0,,0.0,False
2026-06-13T17:14:12.433746+00:00,webcam_frame.jpg,,640,480,30,0,,0.0,False
2026-06-13T17:14:12.531305+00:00,webcam_frame.jpg,,640,480,32,0,,0.0,False
2026-06-13T17:14:12.632705+00:00,webcam_frame.jpg,,640,480,29,0,,0.0,False
2026-06-13T17:14:12.733449+00:00,webcam_frame.jpg,,640,480,30,0,,0.0,False
2026-06-13T17:14:12.836229+00:00,webcam_frame.jpg,,640,480,32,0,,0.0,False
2026-06-13T17:14:12.943507+00:00,webcam_frame.jpg,,640,480,35,0,,0.0,False
2026-06-13T17:14:13.054878+00:00,webcam_frame.jpg,,640,480,42,0,,0.0,False
2026-06-13T17:14:13.144805+00:00,webcam_frame.jpg,,640,480,36,0,,0.0,False
2026-06-13T17:14:13.247041+00:00,webcam_frame.jpg,,640,480,38,0,,0.0,False
2026-06-13T17:14:13.346200+00:00,webcam_frame.jpg,,640,480,33,0,,0.0,False
2026-06-13T17:14:13.446457+00:00,webcam_frame.jpg,,640,480,31,0,,0.0,False
2026-06-13T17:14:13.552610+00:00,webcam_frame.jpg,,640,480,36,0,,0.0,False
2026-06-13T17:14:13.651115+00:00,webcam_frame.jpg,,640,480,30,0,,0.0,False
2026-06-13T17:14:13.757198+00:00,webcam_frame.jpg,,640,480,37,0,,0.0,False
2026-06-13T17:14:13.855164+00:00,webcam_frame.jpg,,640,480,33,0,,0.0,False
2026-06-13T17:14:13.965701+00:00,webcam_frame.jpg,,640,480,35,0,,0.0,False
2026-06-13T17:14:14.058914+00:00,webcam_frame.jpg,,640,480,33,0,,0.0,False
2026-06-13T17:14:14.159766+00:00,webcam_frame.jpg,,640,480,33,0,,0.0,False
2026-06-13T17:14:14.262487+00:00,webcam_frame.jpg,,640,480,33,0,,0.0,False
2026-06-13T17:14:14.359596+00:00,webcam_frame.jpg,,640,480,31,0,,0.0,False
2026-06-13T17:14:14.462118+00:00,webcam_frame.jpg,,640,480,31,0,,0.0,False
2026-06-13T17:14:14.572884+00:00,webcam_frame.jpg,,640,480,35,0,,0.0,False
2026-06-13T17:14:14.667819+00:00,webcam_frame.jpg,,640,480,35,0,,0.0,False
2026-06-13T17:14:14.773585+00:00,webcam_frame.jpg,,640,480,37,0,,0.0,False
2026-06-13T17:14:14.874783+00:00,webcam_frame.jpg,,640,480,37,0,,0.0,False
2026-06-13T17:14:14.970341+00:00,webcam_frame.jpg,,640,480,34,0,,0.0,False
2026-06-13T17:14:15.069470+00:00,webcam_frame.jpg,,640,480,30,0,,0.0,False
2026-06-13T17:14:15.174883+00:00,webcam_frame.jpg,,640,480,29,0,,0.0,False
2026-06-13T17:14:15.272190+00:00,webcam_frame.jpg,,640,480,32,0,,0.0,False
2026-06-13T17:14:15.372781+00:00,webcam_frame.jpg,,640,480,29,0,,0.0,False
2026-06-13T17:14:15.476934+00:00,webcam_frame.jpg,,640,480,32,0,,0.0,False
2026-06-13T17:14:15.576216+00:00,webcam_frame.jpg,,640,480,32,0,,0.0,False
2026-06-13T17:14:15.680007+00:00,webcam_frame.jpg,,640,480,33,1,helmet,0.2884,True
2026-06-13T17:14:15.777305+00:00,webcam_frame.jpg,,640,480,31,1,helmet,0.4097,True
2026-06-13T17:14:15.880643+00:00,webcam_frame.jpg,,640,480,32,1,helmet,0.492,True
2026-06-13T17:14:15.982826+00:00,webcam_frame.jpg,,640,480,32,0,,0.0,False
2026-06-13T17:14:16.084205+00:00,webcam_frame.jpg,,640,480,33,0,,0.0,False
2026-06-13T17:14:16.180815+00:00,webcam_frame.jpg,,640,480,30,0,,0.0,False
2026-06-13T17:14:16.283063+00:00,webcam_frame.jpg,,640,480,31,1,helmet,0.4761,True
2026-06-13T17:14:16.383525+00:00,webcam_frame.jpg,,640,480,31,1,helmet,0.4994,True
2026-06-13T17:14:16.488444+00:00,webcam_frame.jpg,,640,480,34,1,helmet,0.5408,False
2026-06-13T17:14:16.588139+00:00,webcam_frame.jpg,,640,480,32,0,,0.0,False
2026-06-13T17:14:16.689057+00:00,webcam_frame.jpg,,640,480,32,0,,0.0,False
2026-06-13T17:14:16.789908+00:00,webcam_frame.jpg,,640,480,31,0,,0.0,False
2026-06-13T17:14:16.892409+00:00,webcam_frame.jpg,,640,480,30,0,,0.0,False
2026-06-13T17:14:16.992247+00:00,webcam_frame.jpg,,640,480,30,1,helmet,0.4916,True
2026-06-13T17:14:17.099601+00:00,webcam_frame.jpg,,640,480,35,0,,0.0,False
2026-06-13T17:14:17.206537+00:00,webcam_frame.jpg,,640,480,35,0,,0.0,False
2026-06-13T17:14:17.299990+00:00,webcam_frame.jpg,,640,480,33,1,helmet,0.3401,True
2026-06-13T17:14:17.397711+00:00,webcam_frame.jpg,,640,480,29,1,helmet,0.4708,True
2026-06-13T17:14:17.501374+00:00,webcam_frame.jpg,,640,480,30,1,helmet,0.4806,True
2026-06-13T17:14:17.604334+00:00,webcam_frame.jpg,,640,480,30,1,helmet,0.3957,True
2026-06-13T17:14:17.711171+00:00,webcam_frame.jpg,,640,480,35,1,helmet,0.4381,True
2026-06-13T17:14:17.806459+00:00,webcam_frame.jpg,,640,480,30,1,helmet,0.5614,False
2026-06-13T17:14:17.911275+00:00,webcam_frame.jpg,,640,480,33,1,helmet,0.3585,True
2026-06-13T17:14:18.012831+00:00,webcam_frame.jpg,,640,480,32,1,helmet,0.3065,True
2026-06-13T17:14:18.115418+00:00,webcam_frame.jpg,,640,480,34,0,,0.0,False
2026-06-13T17:14:18.215660+00:00,webcam_frame.jpg,,640,480,32,1,helmet,0.2708,True
2026-06-13T17:14:18.314793+00:00,webcam_frame.jpg,,640,480,30,0,,0.0,False
2026-06-13T17:14:18.423902+00:00,webcam_frame.jpg,,640,480,35,0,,0.0,False
2026-06-13T17:14:18.528487+00:00,webcam_frame.jpg,,640,480,42,0,,0.0,False
2026-06-13T17:14:18.627105+00:00,webcam_frame.jpg,,640,480,39,0,,0.0,False
2026-06-13T17:14:18.733232+00:00,webcam_frame.jpg,,640,480,37,1,helmet,0.3355,True
2026-06-13T17:14:18.827022+00:00,webcam_frame.jpg,,640,480,29,1,helmet,0.3645,True
2026-06-13T17:14:18.926916+00:00,webcam_frame.jpg,,640,480,31,1,helmet,0.4334,True
2026-06-13T17:14:19.033821+00:00,webcam_frame.jpg,,640,480,36,1,helmet,0.362,True
2026-06-13T17:14:19.135595+00:00,webcam_frame.jpg,,640,480,38,1,helmet,0.2571,True
2026-06-13T17:14:19.228768+00:00,webcam_frame.jpg,,640,480,31,0,,0.0,False
2026-06-13T17:14:19.325599+00:00,webcam_frame.jpg,,640,480,31,0,,0.0,False
2026-06-13T17:14:19.426787+00:00,webcam_frame.jpg,,640,480,29,1,helmet,0.2833,True
2026-06-13T17:14:19.529903+00:00,webcam_frame.jpg,,640,480,30,1,helmet,0.2842,True
2026-06-13T17:14:19.630871+00:00,webcam_frame.jpg,,640,480,29,1,helmet,0.2859,True
2026-06-13T17:14:19.734735+00:00,webcam_frame.jpg,,640,480,33,1,helmet,0.296,True
2026-06-13T17:14:19.834895+00:00,webcam_frame.jpg,,640,480,29,1,helmet,0.4914,True
2026-06-13T17:14:19.939587+00:00,webcam_frame.jpg,,640,480,34,1,helmet,0.3708,True
2026-06-13T17:14:20.043587+00:00,webcam_frame.jpg,,640,480,41,1,helmet,0.356,True
2026-06-13T17:14:20.145085+00:00,webcam_frame.jpg,,640,480,41,1,helmet,0.2556,True
2026-06-13T17:14:20.242916+00:00,webcam_frame.jpg,,640,480,39,1,helmet,0.4024,True
2026-06-13T17:14:20.346031+00:00,webcam_frame.jpg,,640,480,32,1,helmet,0.3142,True
2026-06-13T17:14:20.445382+00:00,webcam_frame.jpg,,640,480,33,0,,0.0,False
2026-06-13T17:14:20.545199+00:00,webcam_frame.jpg,,640,480,32,0,,0.0,False
2026-06-13T17:14:20.646870+00:00,webcam_frame.jpg,,640,480,34,1,helmet,0.4013,True
2026-06-13T17:14:20.748317+00:00,webcam_frame.jpg,,640,480,34,1,helmet,0.4666,True
2026-06-13T17:14:20.854097+00:00,webcam_frame.jpg,,640,480,33,1,helmet,0.395,True
2026-06-13T17:14:20.948035+00:00,webcam_frame.jpg,,640,480,31,1,helmet,0.3025,True
2026-06-13T17:14:21.057513+00:00,webcam_frame.jpg,,640,480,33,0,,0.0,False
2026-06-13T17:14:21.153566+00:00,webcam_frame.jpg,,640,480,32,0,,0.0,False
2026-06-13T17:14:21.260346+00:00,webcam_frame.jpg,,640,480,29,0,,0.0,False
2026-06-13T17:14:21.360968+00:00,webcam_frame.jpg,,640,480,32,0,,0.0,False
2026-06-13T17:14:21.459714+00:00,webcam_frame.jpg,,640,480,29,0,,0.0,False
2026-06-13T17:14:21.558773+00:00,webcam_frame.jpg,,640,480,29,0,,0.0,False
2026-06-13T17:14:21.660105+00:00,webcam_frame.jpg,,640,480,30,0,,0.0,False
2026-06-13T17:14:21.766461+00:00,webcam_frame.jpg,,640,480,29,0,,0.0,False
2026-06-13T17:14:21.872520+00:00,webcam_frame.jpg,,640,480,33,0,,0.0,False
2026-06-13T17:14:21.977937+00:00,webcam_frame.jpg,,640,480,39,0,,0.0,False
2026-06-13T17:14:22.069951+00:00,webcam_frame.jpg,,640,480,31,1,helmet,0.2905,True
2026-06-13T17:14:22.171559+00:00,webcam_frame.jpg,,640,480,33,0,,0.0,False
2026-06-13T17:14:22.277956+00:00,webcam_frame.jpg,,640,480,31,0,,0.0,False
2026-06-13T17:14:22.375783+00:00,webcam_frame.jpg,,640,480,29,0,,0.0,False
2026-06-13T17:14:22.472943+00:00,webcam_frame.jpg,,640,480,27,0,,0.0,False
2026-06-13T17:14:22.577486+00:00,webcam_frame.jpg,,640,480,31,1,helmet,0.2907,True
2026-06-13T17:14:22.686335+00:00,webcam_frame.jpg,,640,480,37,1,helmet,0.2776,True
2026-06-13T17:14:22.790617+00:00,webcam_frame.jpg,,640,480,33,0,,0.0,False
2026-06-13T17:14:22.881028+00:00,webcam_frame.jpg,,640,480,32,0,,0.0,False
2026-06-13T17:14:22.979333+00:00,webcam_frame.jpg,,640,480,31,0,,0.0,False
2026-06-13T17:14:23.079025+00:00,webcam_frame.jpg,,640,480,31,0,,0.0,False
2026-06-13T17:14:23.177105+00:00,webcam_frame.jpg,,640,480,28,1,helmet,0.2551,True
2026-06-13T17:14:23.280661+00:00,webcam_frame.jpg,,640,480,31,0,,0.0,False
2026-06-13T17:14:23.381628+00:00,webcam_frame.jpg,,640,480,30,0,,0.0,False
2026-06-13T17:14:23.478991+00:00,webcam_frame.jpg,,640,480,27,0,,0.0,False
2026-06-13T17:14:23.583768+00:00,webcam_frame.jpg,,640,480,30,0,,0.0,False
2026-06-13T17:14:23.683710+00:00,webcam_frame.jpg,,640,480,29,0,,0.0,False
2026-06-13T17:14:23.788439+00:00,webcam_frame.jpg,,640,480,31,0,,0.0,False
2026-06-13T17:14:23.894289+00:00,webcam_frame.jpg,,640,480,36,0,,0.0,False
2026-06-13T17:14:23.992066+00:00,webcam_frame.jpg,,640,480,32,0,,0.0,False
2026-06-13T17:14:24.093651+00:00,webcam_frame.jpg,,640,480,31,0,,0.0,False
2026-06-13T17:14:24.194876+00:00,webcam_frame.jpg,,640,480,29,0,,0.0,False
2026-06-13T17:14:24.301227+00:00,webcam_frame.jpg,,640,480,35,0,,0.0,False
2026-06-13T17:14:24.402372+00:00,webcam_frame.jpg,,640,480,31,0,,0.0,False
2026-06-13T17:14:24.496928+00:00,webcam_frame.jpg,,640,480,26,0,,0.0,False
2026-06-13T17:14:24.603651+00:00,webcam_frame.jpg,,640,480,32,0,,0.0,False
2026-06-13T17:14:24.709565+00:00,webcam_frame.jpg,,640,480,29,0,,0.0,False
2026-06-13T17:14:24.801667+00:00,webcam_frame.jpg,,640,480,27,0,,0.0,False
2026-06-13T17:14:24.909336+00:00,webcam_frame.jpg,,640,480,33,0,,0.0,False
2026-06-13T17:14:25.008156+00:00,webcam_frame.jpg,,640,480,31,0,,0.0,False
2026-06-13T17:14:25.107903+00:00,webcam_frame.jpg,,640,480,29,0,,0.0,False
2026-06-13T17:14:25.212596+00:00,webcam_frame.jpg,,640,480,33,0,,0.0,False
2026-06-13T17:14:25.314517+00:00,webcam_frame.jpg,,640,480,33,0,,0.0,False
2026-06-13T17:14:25.417835+00:00,webcam_frame.jpg,,640,480,36,0,,0.0,False
2026-06-13T17:14:25.515325+00:00,webcam_frame.jpg,,640,480,33,0,,0.0,False
2026-06-13T17:14:25.614065+00:00,webcam_frame.jpg,,640,480,28,0,,0.0,False
2026-06-13T17:14:25.717883+00:00,webcam_frame.jpg,,640,480,30,0,,0.0,False
2026-06-13T17:14:25.820448+00:00,webcam_frame.jpg,,640,480,31,0,,0.0,False
2026-06-13T17:14:25.923775+00:00,webcam_frame.jpg,,640,480,31,0,,0.0,False
2026-06-13T17:14:26.023635+00:00,webcam_frame.jpg,,640,480,31,0,,0.0,False
2026-06-13T17:14:26.125898+00:00,webcam_frame.jpg,,640,480,33,0,,0.0,False
2026-06-13T17:14:26.233592+00:00,webcam_frame.jpg,,640,480,36,0,,0.0,False
2026-06-13T17:14:26.329202+00:00,webcam_frame.jpg,,640,480,31,0,,0.0,False
2026-06-13T17:14:26.427329+00:00,webcam_frame.jpg,,640,480,29,0,,0.0,False
2026-06-13T17:14:26.531916+00:00,webcam_frame.jpg,,640,480,31,0,,0.0,False
2026-06-13T17:14:26.638767+00:00,webcam_frame.jpg,,640,480,37,0,,0.0,False
2026-06-13T17:14:26.736462+00:00,webcam_frame.jpg,,640,480,33,0,,0.0,False
2026-06-13T17:14:26.843643+00:00,webcam_frame.jpg,,640,480,38,0,,0.0,False
2026-06-13T17:14:26.936368+00:00,webcam_frame.jpg,,640,480,29,0,,0.0,False
2026-06-13T17:14:27.045347+00:00,webcam_frame.jpg,,640,480,37,0,,0.0,False
2026-06-13T17:14:27.148309+00:00,webcam_frame.jpg,,640,480,35,0,,0.0,False
2026-06-13T17:14:27.243583+00:00,webcam_frame.jpg,,640,480,32,0,,0.0,False
2026-06-13T17:14:27.343655+00:00,webcam_frame.jpg,,640,480,32,0,,0.0,False
2026-06-13T17:14:27.445189+00:00,webcam_frame.jpg,,640,480,32,0,,0.0,False
2026-06-13T17:14:27.542811+00:00,webcam_frame.jpg,,640,480,28,0,,0.0,False
2026-06-13T17:14:27.646926+00:00,webcam_frame.jpg,,640,480,32,0,,0.0,False
2026-06-13T17:14:27.751573+00:00,webcam_frame.jpg,,640,480,30,0,,0.0,False
2026-06-13T17:14:27.849089+00:00,webcam_frame.jpg,,640,480,33,0,,0.0,False
2026-06-13T17:14:27.949746+00:00,webcam_frame.jpg,,640,480,33,0,,0.0,False
2026-06-13T17:14:28.051004+00:00,webcam_frame.jpg,,640,480,34,0,,0.0,False
2026-06-13T17:14:28.149176+00:00,webcam_frame.jpg,,640,480,31,0,,0.0,False
2026-06-13T17:14:28.250132+00:00,webcam_frame.jpg,,640,480,29,0,,0.0,False
2026-06-13T17:14:28.354679+00:00,webcam_frame.jpg,,640,480,32,1,helmet,0.5618,False
2026-06-13T17:14:28.453480+00:00,webcam_frame.jpg,,640,480,30,0,,0.0,False
2026-06-13T17:14:28.556631+00:00,webcam_frame.jpg,,640,480,32,0,,0.0,False
2026-06-13T17:14:28.656009+00:00,webcam_frame.jpg,,640,480,30,1,helmet,0.4248,True
2026-06-13T17:14:28.757049+00:00,webcam_frame.jpg,,640,480,29,1,helmet,0.4197,True
2026-06-13T17:14:28.865856+00:00,webcam_frame.jpg,,640,480,34,1,helmet,0.6838,False
2026-06-13T17:14:28.964708+00:00,webcam_frame.jpg,,640,480,33,2,helmet,0.4615,True
2026-06-13T17:14:29.063292+00:00,webcam_frame.jpg,,640,480,31,1,helmet,0.8623,False
2026-06-13T17:14:29.171454+00:00,webcam_frame.jpg,,640,480,34,1,helmet,0.47,True
2026-06-13T17:14:29.265953+00:00,webcam_frame.jpg,,640,480,30,0,,0.0,False
2026-06-13T17:14:29.370520+00:00,webcam_frame.jpg,,640,480,31,1,helmet,0.6511,False
2026-06-13T17:14:29.485497+00:00,webcam_frame.jpg,,640,480,39,1,helmet,0.6275,False
2026-06-13T17:14:29.580180+00:00,webcam_frame.jpg,,640,480,32,1,helmet,0.6332,False
2026-06-13T17:14:29.682977+00:00,webcam_frame.jpg,,640,480,36,1,helmet,0.5988,False
2026-06-13T17:14:29.783976+00:00,webcam_frame.jpg,,640,480,39,1,helmet,0.6695,False
2026-06-13T17:14:29.882342+00:00,webcam_frame.jpg,,640,480,33,1,helmet,0.7161,False
2026-06-13T17:14:30.008412+00:00,webcam_frame.jpg,,640,480,49,1,helmet,0.7616,False
2026-06-13T17:14:30.084879+00:00,webcam_frame.jpg,,640,480,35,1,helmet,0.8153,False
2026-06-13T17:14:30.184226+00:00,webcam_frame.jpg,,640,480,33,1,helmet,0.6687,False
2026-06-13T17:14:30.302894+00:00,webcam_frame.jpg,,640,480,51,1,helmet,0.7119,False
2026-06-13T17:14:30.396075+00:00,webcam_frame.jpg,,640,480,38,1,helmet,0.6871,False
2026-06-13T17:14:30.494543+00:00,webcam_frame.jpg,,640,480,36,1,helmet,0.7047,False
2026-06-13T17:14:30.594004+00:00,webcam_frame.jpg,,640,480,33,1,helmet,0.6936,False
2026-06-13T17:14:30.691917+00:00,webcam_frame.jpg,,640,480,36,1,helmet,0.7804,False
2026-06-13T17:14:30.794552+00:00,webcam_frame.jpg,,640,480,35,1,helmet,0.7201,False
2026-06-13T17:14:30.897639+00:00,webcam_frame.jpg,,640,480,37,1,helmet,0.7564,False
2026-06-13T17:14:30.997593+00:00,webcam_frame.jpg,,640,480,38,1,helmet,0.8089,False
2026-06-13T17:14:31.101863+00:00,webcam_frame.jpg,,640,480,40,1,helmet,0.8127,False
2026-06-13T17:14:31.195527+00:00,webcam_frame.jpg,,640,480,33,1,helmet,0.7701,False
2026-06-13T17:14:31.293495+00:00,webcam_frame.jpg,,640,480,30,1,helmet,0.7586,False
2026-06-13T17:14:31.396659+00:00,webcam_frame.jpg,,640,480,30,1,helmet,0.7748,False
2026-06-13T17:14:31.498339+00:00,webcam_frame.jpg,,640,480,33,1,helmet,0.7164,False
2026-06-13T17:14:31.600410+00:00,webcam_frame.jpg,,640,480,34,1,helmet,0.6596,False
2026-06-13T17:14:31.706649+00:00,webcam_frame.jpg,,640,480,36,1,helmet,0.7683,False
2026-06-13T18:02:40.114793+00:00,frame_0s.jpg,,1920,1080,66,2,helmet,0.5193,True
2026-06-13T18:02:40.205546+00:00,frame_1s.jpg,,1920,1080,33,3,glove;helmet;vest,0.6126,True
2026-06-13T18:02:40.283444+00:00,frame_2s.jpg,,1920,1080,30,0,,0.0,False
2026-06-13T18:02:40.369346+00:00,frame_3s.jpg,,1920,1080,35,0,,0.0,False
2026-06-13T18:02:40.445880+00:00,frame_4s.jpg,,1920,1080,30,0,,0.0,False
2026-06-13T18:02:40.521554+00:00,frame_5s.jpg,,1920,1080,33,2,helmet;vest,0.816,False
2026-06-13T18:02:40.626079+00:00,frame_6s.jpg,,1920,1080,60,2,helmet;vest,0.8053,False
2026-06-13T18:02:40.707217+00:00,frame_7s.jpg,,1920,1080,36,0,,0.0,False
2026-06-13T18:02:40.795784+00:00,frame_8s.jpg,,1920,1080,45,0,,0.0,False
2026-06-13T18:02:40.889325+00:00,frame_9s.jpg,,1920,1080,47,2,helmet;vest,0.8521,False
2026-06-13T18:02:40.982854+00:00,frame_10s.jpg,,1920,1080,44,2,helmet;vest,0.9026,False
2026-06-13T18:02:41.081575+00:00,frame_11s.jpg,,1920,1080,46,0,,0.0,False
2026-06-13T18:02:41.184163+00:00,frame_12s.jpg,,1920,1080,49,3,pants;vest,0.462,True
2026-06-13T18:02:41.270476+00:00,frame_13s.jpg,,1920,1080,38,1,vest,0.602,False
2026-06-13T18:02:41.351749+00:00,frame_14s.jpg,,1920,1080,35,2,helmet;vest,0.8618,False
2026-06-13T18:02:41.438853+00:00,frame_15s.jpg,,1920,1080,45,2,helmet;vest,0.9033,False
